PathogenName,DrugClass,Bactericidal/Static,Score differences,Classification AA,AAResistanceScore,ABResistanceCategory,ABResistanceScore,DK Resistance Scores,ConsensusScore,AverageResistanceScore,ResistanceScore,Pathogentype,Reservoir,TransmissionMode,TransmissionType,PrimarySource,Humantransmission,Aerobicity,Commensal,NaturallyCompetent,DrugDate,ResearchEffortPath,ResearchEffortDrug,Zoonosis,AnimalReservoir,Nosocomial,EnvrionmentalReservoir,Order,2015 Drug Use China (per1000p),2015 Drug Use India (per1000p),2015 Drug Use USA (per1000p),2015 China Population (WorldBank),2015 India Population (WorldBank),2015 USA Population (WorldBank),DrugUSeChina,DrugUseIndia,DrugUseUSA,DrugUseTotal,Conjugation
Acinetobacterspp,Carbapenems,Bactericidal,0,Not Rare,2,NtRare,2,,,2,2,GramPositive,Environment,Vehicleborne,1,Nosocomial,1,Aerobe,1,1,1985,2044,9645,0,None,1,1,Pseudomonadales,39,15,72,1371220000,1310152403,320635163,53477580,19652286.05,23085731.74,96215597.78,1
Actinomycesspp,Beta-lactams/Penicillins,Bactericidal,0,None/ Very Rare,0,VeryRare/Nne,0,,,0,0,Other,Humans,Directcontact,0,EndogeNus,1,Anaerobe,1,0,1944,276,67783,0,None,0,0,Actinomycetales,2992,2839,7404,1371220000,1310152403,320635163,4102690240,3719522672,2373982747,10196195659,0
Actinomycesspp,Carbapenems,Bactericidal,0,None/ Very Rare,0,VeryRare/Nne,0,,,0,0,Other,Humans,Directcontact,0,EndogeNus,1,FacultativeAnaerobe,1,0,1985,276,9645,0,None,0,0,Actinomycetales,39,15,72,1371220000,1310152403,320635163,53477580,19652286.05,23085731.74,96215597.78,0
Actinomycesspp,Macrolides,Bacteriostatic,0,None/ Very Rare,0,VeryRare/Nne,0,,,0,0,Other,Humans,Directcontact,0,EndogeNus,1,Aerobe,1,0,1952,276,17956,0,None,0,0,Actinomycetales,1685,928,2281,1371220000,1310152403,320635163,2310505700,1215821430,731368806.8,4257695937,0
Bacillusanthracis,Beta-lactams/Penicillins,Bactericidal,0,None/ Very Rare,0,VeryRare/Nne,0,,,0,0,GramPositive,Animal,Directcontact,0,Zoonosis,0,Aerobe,0,0,1944,6205,67783,1,Domesticated,0,0,Bacillales,2992,2839,7404,1371220000,1310152403,320635163,4102690240,3719522672,2373982747,10196195659,1
Bacillusanthracis,Fluoroquinolones,Bactericidal,0,None/ Very Rare,0,VeryRare/Nne,0,,,0,0,GramPositive,Animal,Directcontact,0,Zoonosis,0,Aerobe,0,0,1996,6205,20426,1,Domesticated,0,0,Bacillales,1387,1303,1430,1371220000,1310152403,320635163,1901882140,1707128581,458508283.1,4067519004,1
Bacillusanthracis,Tetracyclines,Bacteriostatic,0,None/ Very Rare,0,VeryRare/Nne,0,,,0,0,GramPositive,Animal,Directcontact,0,Zoonosis,0,Aerobe,0,0,1950,6205,8390,1,Domesticated,0,0,Bacillales,498,808,2337,1371220000,1310152403,320635163,682867560,1058603142,749324375.9,2490795078,1
Bacteroidesspp,Cephalosporins(2ndgen),Bactericidal,1,Not Rare,2,Rare,1,,1,1.5,1,Anaerobic,Humans,Vehicleborne,1,EndogeNus,0,Anaerobe,1,0,1977,17548,206,0,None,1,0,Bacteroidales,3489,3582,3137,1371220000,1310152403,320635163,4784186580,4692965908,1005832506,10482984994,1
Bacteroidesspp,Beta-lactams/Penicillins,Bactericidal,0,Not Rare,2,NtRare,2,,,2,2,Anaerobic,Humans,Vehicleborne,1,EndogeNus,0,Anaerobe,1,0,1944,17548,67783,0,None,1,0,Bacteroidales,2992,2839,7404,1371220000,1310152403,320635163,4102690240,3719522672,2373982747,10196195659,1
Bacteroidesspp,Carbapenems,Bactericidal,0,Rare,1,Rare,1,,,1,1,Anaerobic,Humans,Vehicleborne,1,EndogeNus,0,Anaerobe,1,0,1985,17548,9645,0,None,1,0,Bacteroidales,39,15,72,1371220000,1310152403,320635163,53477580,19652286.05,23085731.74,96215597.78,1
Bacteroidesspp,Cephalosporins(1stgen),Bactericidal,0,Not Rare,2,NtRare,2,,,2,2,Anaerobic,Humans,Vehicleborne,1,EndogeNus,0,Anaerobe,1,0,1964,17548,226,0,None,1,0,Bacteroidales,3489,3582,3137,1371220000,1310152403,320635163,4784186580,4692965908,1005832506,10482984994,1
Bacteroidesspp,Cephalosporins(3rdgen),Bactericidal,0,Not Rare,2,NtRare,2,,,2,2,Anaerobic,Humans,Vehicleborne,1,EndogeNus,0,Anaerobe,1,0,1982,17548,1692,0,None,1,0,Bacteroidales,3489,3582,3137,1371220000,1310152403,320635163,4784186580,4692965908,1005832506,10482984994,1
Bacteroidesspp,Macrolides,Bacteriostatic,0,Not Rare,2,NtRare,2,,,2,2,Anaerobic,Humans,Vehicleborne,1,EndogeNus,0,Anaerobe,1,0,1952,17548,17956,0,None,1,0,Bacteroidales,1685,928,2281,1371220000,1310152403,320635163,2310505700,1215821430,731368806.8,4257695937,1
Bacteroidesspp,Nitroimidazole,Bactericidal,0,Rare,1,Rare,1,,,1,1,Anaerobic,Humans,Vehicleborne,1,EndogeNus,0,Anaerobe,1,0,1963,17548,2139,0,None,1,0,Bacteroidales,9,28,16,1371220000,1310152403,320635163,12340980,36684267.28,5130162.608,54155409.89,1
Bacteroidesspp,Tetracyclines,Bacteriostatic,0,Not Rare,2,NtRare,2,,,2,2,Anaerobic,Humans,Vehicleborne,1,EndogeNus,0,Anaerobe,1,0,1950,17548,8390,0,None,1,0,Bacteroidales,498,808,2337,1371220000,1310152403,320635163,682867560,1058603142,749324375.9,2490795078,1
Bordetellapertussis,Macrolides,Bacteriostatic,-1,Rare,1,NtRare,2,,2,1.5,2,Gramnegative,Humans,Dropletspread,0,Respiratorydroplets,1,Aerobe,0,0,1952,7327,17956,0,None,1,0,Burkholderiales,1685,928,2281,1371220000,1310152403,320635163,2310505700,1215821430,731368806.8,4257695937,1
Borreliaburgdorferi,Macrolides,Bacteriostatic,-1,None/ Very Rare,0,Rare,1,,0,0.5,0,Other,Animal,Vectorborne,1,Zoonosis,0,Microaerobe,0,0,1952,10055,17956,1,Wild,0,0,Spirochaetales,1685,928,2281,1371220000,1310152403,320635163,2310505700,1215821430,731368806.8,4257695937,0
Borreliaburgdorferi,Tetracyclines,Bacteriostatic,0,None/ Very Rare,0,VeryRare/Nne,0,,,0,0,Other,Animal,Vectorborne,1,Zoonosis,0,Microaerobe,0,0,1950,10055,8390,1,Wild,0,0,Spirochaetales,498,808,2337,1371220000,1310152403,320635163,682867560,1058603142,749324375.9,2490795078,0
Brucellaspp,Trimethoprim-sulfamethoxazole,Bactericidal,-1,None/ Very Rare,0,Rare,1,,1,0.5,1,Gramnegative,Animal,Vehicleborne,1,Zoonosis,0,Aerobe,0,0,1974,13143,12670,1,Domesticated,0,0,Rhozobiales,89,683,1607,1371220000,1310152403,320635163,122038580,894834091.2,515260706.9,1532133378,1
Brucellaspp,Rifamycins,Bactericidal,1,Not Rare,2,Rare,1,,1,1.5,1,Gramnegative,Animal,Vehicleborne,1,Zoonosis,0,Aerobe,0,0,1966,13143,2519,1,Domesticated,0,0,Rhozobiales,9,28,16,1371220000,1310152403,320635163,12340980,36684267.28,5130162.608,54155409.89,1
Brucellaspp,Aminoglycosides,Bactericidal,0,None/ Very Rare,0,VeryRare/Nne,0,,,0,0,Gramnegative,Animal,Vehicleborne,1,Zoonosis,0,Aerobe,0,0,1944,13143,17876,1,Domesticated,0,0,Rhozobiales,110,157,61,1371220000,1310152403,320635163,150834200,205693927.3,19558744.94,376086872.2,1
Brucellaspp,Fluoroquinolones,Bactericidal,0,None/ Very Rare,0,VeryRare/Nne,0,,,0,0,Gramnegative,Animal,Vehicleborne,1,Zoonosis,0,Aerobe,0,0,1996,13143,20426,1,Domesticated,0,0,Rhozobiales,1387,1303,1430,1371220000,1310152403,320635163,1901882140,1707128581,458508283.1,4067519004,1
Brucellaspp,Tetracyclines,Bacteriostatic,0,None/ Very Rare,0,VeryRare/Nne,0,,,0,0,Gramnegative,Animal,Vehicleborne,1,Zoonosis,0,Aerobe,0,0,1950,13143,8390,1,Domesticated,0,0,Rhozobiales,498,808,2337,1371220000,1310152403,320635163,682867560,1058603142,749324375.9,2490795078,1
Campylobacterjejuni,Fluoroquinolones,Bactericidal,0,Not Rare,2,NtRare,2,,,2,2,Gramnegative,Animal,Vehicleborne,1,Zoonosis,1,Aerobe,0,1,1996,8634,20426,1,Domesticated,0,0,Campylobacterales,1387,1303,1430,1371220000,1310152403,320635163,1901882140,1707128581,458508283.1,4067519004,1
Campylobacterjejuni,Macrolides,Bacteriostatic,0,Rare,1,Rare,1,,,1,1,Gramnegative,Animal,Vehicleborne,1,Zoonosis,1,Aerobe,0,1,1952,8634,17956,1,Domesticated,0,0,Campylobacterales,1685,928,2281,1371220000,1310152403,320635163,2310505700,1215821430,731368806.8,4257695937,1
Chlamydiapneumoniae,Macrolides,Bacteriostatic,1,Rare,1,VeryRare/Nne,0,,0,0.5,0,Other,Humans,Dropletspread,0,Respiratorydroplets,1,Aerobe,0,0,1952,3912,17956,0,None,0,0,Chlamydiales,1685,928,2281,1371220000,1310152403,320635163,2310505700,1215821430,731368806.8,4257695937,0
Chlamydiapneumoniae,Tetracyclines,Bacteriostatic,0,None/ Very Rare,0,VeryRare/Nne,0,,,0,0,Other,Humans,Dropletspread,0,Respiratorydroplets,1,Aerobe,0,0,1950,3912,8390,0,None,0,0,Chlamydiales,498,808,2337,1371220000,1310152403,320635163,682867560,1058603142,749324375.9,2490795078,0
Chlamydiapsittaci,Macrolides,Bacteriostatic,0,None/ Very Rare,0,VeryRare/Nne,0,,,0,0,Other,Animal,Airborne,1,Zoonosis,1,Aerobe,0,0,1952,1501,17956,1,Wild,0,0,Chlamydiales,1685,928,2281,1371220000,1310152403,320635163,2310505700,1215821430,731368806.8,4257695937,0
Chlamydiapsittaci,Tetracyclines,Bacteriostatic,0,None/ Very Rare,0,VeryRare/Nne,0,,,0,0,Other,Animal,Airborne,1,Zoonosis,1,Aerobe,0,0,1950,1501,8390,1,Wild,0,0,Chlamydiales,498,808,2337,1371220000,1310152403,320635163,682867560,1058603142,749324375.9,2490795078,0
Chlamydiatrachomatis,Macrolides,Bacteriostatic,0,Very Rare / None,0,VeryRare/Nne,0,,,0,0,Other,Humans,Directcontact,0,Sexualtransmission,1,Aerobe,0,0,1952,15874,17956,0,None,0,0,Chlamydiales,1685,928,2281,1371220000,1310152403,320635163,2310505700,1215821430,731368806.8,4257695937,0
Chlamydiatrachomatis,Tetracyclines,Bacteriostatic,0,Very Rare / None,0,VeryRare/Nne,0,,,0,0,Other,Humans,Directcontact,0,Sexualtransmission,1,Aerobe,0,0,1950,15874,8390,0,None,0,0,Chlamydiales,498,808,2337,1371220000,1310152403,320635163,682867560,1058603142,749324375.9,2490795078,0
Citrobacterspp,Carbapenems,Bactericidal,-1,None/ Very Rare,0,Rare,1,,1,0.5,1,Gramnegative,Humans,Directcontact,0,Nosocomial,1,FacultativeAnaerobe,1,0,1985,5752,9645,0,None,1,0,Enterobacterales,39,15,72,1371220000,1310152403,320635163,53477580,19652286.05,23085731.74,96215597.78,1
Citrobacterspp,Trimethoprim-sulfamethoxazole,Bactericidal,-1,Rare,1,NtRare,2,,1,1.5,1,Gramnegative,Humans,Directcontact,0,Nosocomial,1,FacultativeAnaerobe,1,0,1974,5752,12670,0,None,1,0,Enterobacterales,89,683,1607,1371220000,1310152403,320635163,122038580,894834091.2,515260706.9,1532133378,1
Citrobacterspp,Tetracyclines,Bacteriostatic,1,Not Rare,2,Rare,1,,2,1.5,2,Gramnegative,Humans,Directcontact,0,Nosocomial,1,FacultativeAnaerobe,1,0,1950,5752,8390,0,None,1,0,Enterobacterales,498,808,2337,1371220000,1310152403,320635163,682867560,1058603142,749324375.9,2490795078,1
Citrobacterspp,Aminoglycosides,Bactericidal,0,Rare*,1,Rare,1,,,1,1,Gramnegative,Humans,Directcontact,0,Nosocomial,1,FacultativeAnaerobe,1,0,1944,5752,17876,0,None,1,0,Enterobacterales,110,157,61,1371220000,1310152403,320635163,150834200,205693927.3,19558744.94,376086872.2,1
Citrobacterspp,Beta-lactams/Penicillins,Bactericidal,0,Not Rare,2,NtRare,2,,,2,2,Gramnegative,Humans,Directcontact,0,Nosocomial,1,FacultativeAnaerobe,1,0,1944,5752,67783,0,None,1,0,Enterobacterales,2992,2839,7404,1371220000,1310152403,320635163,4102690240,3719522672,2373982747,10196195659,1
Citrobacterspp,Cephalosporins(2ndgen),Bactericidal,0,Not Rare,2,NtRare,2,,,2,2,Gramnegative,Humans,Directcontact,0,Nosocomial,1,FacultativeAnaerobe,1,0,1977,5752,206,0,None,1,0,Enterobacterales,3489,3582,3137,1371220000,1310152403,320635163,4784186580,4692965908,1005832506,10482984994,1
Citrobacterspp,Cephalosporins(3rdgen),Bactericidal,0,Not Rare,2,NtRare,2,,,2,2,Gramnegative,Humans,Directcontact,0,Nosocomial,1,FacultativeAnaerobe,1,0,1982,5752,1692,0,None,1,0,Enterobacterales,3489,3582,3137,1371220000,1310152403,320635163,4784186580,4692965908,1005832506,10482984994,1
Citrobacterspp,Macrolides,Bacteriostatic,0,None/ Very Rare*,0,VeryRare/Nne,0,,,0,0,Gramnegative,Humans,Directcontact,0,Nosocomial,1,FacultativeAnaerobe,1,0,1952,5752,17956,0,None,1,0,Enterobacterales,1685,928,2281,1371220000,1310152403,320635163,2310505700,1215821430,731368806.8,4257695937,1
Clostridiumdifficile,Glycopeptides,Bactericidal,0,Rare,1,Rare,1,,,1,1,Anaerobic,Environment,Vehicleborne,1,Nosocomial,1,Anaerobe,1,0,1988,15446,31371,0,None,1,1,Clostridiales,9,2,127,1371220000,1310152403,320635163,12340980,2620304.806,40720665.7,55681950.51,1
Clostridiumperfringens,Beta-lactams/Penicillins,Bactericidal,1,Not Rare,2,Rare,1,,1,1.5,1,Anaerobic,Environment,Vehicleborne,1,Contaminatedfoodandwater,0,Anaerobe,1,0,1944,9691,67783,0,None,0,1,Clostridiales,2992,2839,7404,1371220000,1310152403,320635163,4102690240,3719522672,2373982747,10196195659,1
Clostridiumperfringens,Tetracyclines,Bacteriostatic,0,Not Rare,2,NtRare,2,,,2,2,Anaerobic,Environment,Vehicleborne,1,Contaminatedfoodandwater,0,Anaerobe,1,0,1950,9691,8390,0,None,0,1,Clostridiales,498,808,2337,1371220000,1310152403,320635163,682867560,1058603142,749324375.9,2490795078,1
Clostridiumspp,Beta-lactams/Penicillins,Bactericidal,-1,None/ Very Rare,0,Rare,1,,1,0.5,1,Anaerobic,Environment,Directcontact,0,Environment,1,Anaerobe,1,0,1944,725,67783,0,None,0,1,Clostridiales,2992,2839,7404,1371220000,1310152403,320635163,4102690240,3719522672,2373982747,10196195659,1
Clostridiumspp,Tetracyclines,Bacteriostatic,1,Rare,1,VeryRare/Nne,0,,0,0.5,0,Anaerobic,Environment,Directcontact,0,Environment,1,Anaerobe,1,0,1950,725,8390,0,None,0,1,Clostridiales,498,808,2337,1371220000,1310152403,320635163,682867560,1058603142,749324375.9,2490795078,1
Clostridiumspp,Carbapenems,Bactericidal,0,None/ Very Rare,0,VeryRare/Nne,0,,,0,0,Anaerobic,Environment,Directcontact,0,Environment,1,Anaerobe,1,0,1985,725,9645,0,None,0,1,Clostridiales,39,15,72,1371220000,1310152403,320635163,53477580,19652286.05,23085731.74,96215597.78,1
Clostridiumtetani,Tetracyclines,Bacteriostatic,0,None/ Very Rare,0,VeryRare/Nne,0,,,0,0,Anaerobic,Environment,Directcontact,0,Environment,0,Anaerobe,0,0,1950,1180,8390,0,None,0,1,Clostridiales,498,808,2337,1371220000,1310152403,320635163,682867560,1058603142,749324375.9,2490795078,0
Corynebacteriumdiptheriae,Macrolides,Bacteriostatic,-1,None/ Very Rare,0,Rare,1,,1,0.5,1,GramPositive,Humans,Dropletspread,0,Respiratorydroplets,1,FacultativeAnaerobe,0,0,1952,2899,17956,0,None,0,0,Actinomycetales,1685,928,2281,1371220000,1310152403,320635163,2310505700,1215821430,731368806.8,4257695937,1
Corynebacteriumdiptheriae,Beta-lactams/Penicillins,Bactericidal,1,Not Rare,2,Rare,1,,1,1.5,1,GramPositive,Humans,Dropletspread,0,Respiratorydroplets,1,FacultativeAnaerobe,0,0,1944,2899,67783,0,None,0,0,Actinomycetales,2992,2839,7404,1371220000,1310152403,320635163,4102690240,3719522672,2373982747,10196195659,1
Enterobacteraerogenes,Fluoroquinolones,Bactericidal,1,Not Rare,2,Rare,1,,1,1.5,1,Gramnegative,Environment,Directcontact,0,Nosocomial,1,Aerobe,0,0,1996,2269,20426,0,None,1,1,Enterobacterales,1387,1303,1430,1371220000,1310152403,320635163,1901882140,1707128581,458508283.1,4067519004,1
Enterobacteraerogenes,Carbapenems,Bactericidal,0,Rare,1,Rare,1,,,1,1,Gramnegative,Environment,Directcontact,0,Nosocomial,1,Aerobe,0,0,1985,2269,9645,0,None,1,1,Enterobacterales,39,15,72,1371220000,1310152403,320635163,53477580,19652286.05,23085731.74,96215597.78,1
Enterobacteraerogenes,Cephalosporins(2ndgen),Bactericidal,0,Not Rare,2,NtRare,2,,,2,2,Gramnegative,Environment,Directcontact,0,Nosocomial,1,Aerobe,0,0,1977,2269,206,0,None,1,1,Enterobacterales,3489,3582,3137,1371220000,1310152403,320635163,4784186580,4692965908,1005832506,10482984994,1
Enterobacteraerogenes,Cephalosporins(3rdgen),Bactericidal,0,Not Rare,2,NtRare,2,,,2,2,Gramnegative,Environment,Directcontact,0,Nosocomial,1,Aerobe,0,0,1982,2269,1692,0,None,1,1,Enterobacterales,3489,3582,3137,1371220000,1310152403,320635163,4784186580,4692965908,1005832506,10482984994,1
Enterobacteraerogenes,Cephalosporins(4thgen),Bactericidal,0,Rare,1,Rare,1,,,1,1,Gramnegative,Environment,Directcontact,0,Nosocomial,1,Aerobe,0,0,1994,2269,194,0,None,1,1,Enterobacterales,3489,3582,3137,1371220000,1310152403,320635163,4784186580,4692965908,1005832506,10482984994,1
Enterococcusfaecalis,Carbapenems,Bactericidal,-1,None/ Very Rare,0,Rare,1,,1,0.5,1,GramPositive,Humans,Vehicleborne,1,Nosocomial,1,Aerobe,1,0,1985,16218,9645,1,Domesticated,1,0,Lactobacillales,39,15,72,1371220000,1310152403,320635163,53477580,19652286.05,23085731.74,96215597.78,1
Enterococcusfaecalis,Aminoglycosides,Bactericidal,0,Not Rare,2,NtRare,2,,,2,2,GramPositive,Humans,Vehicleborne,1,Nosocomial,1,Aerobe,1,0,1944,16218,17876,1,Domesticated,1,0,Lactobacillales,110,157,61,1371220000,1310152403,320635163,150834200,205693927.3,19558744.94,376086872.2,1
Escherichiacoli,Carbapenems,Bactericidal,1,Not Rare,2,Rare,1,,1,1.5,1,Gramnegative,Animal,Vehicleborne,1,Zoonosis,1,Aerobe,1,1,1985,389195,9645,1,Domesticated,1,0,Enterobacterales,39,15,72,1371220000,1310152403,320635163,53477580,19652286.05,23085731.74,96215597.78,1
Escherichiacoli,Cephalosporins(1stgen),Bactericidal,0,Not Rare,2,NtRare,2,,,2,2,Gramnegative,Animal,Vehicleborne,1,Zoonosis,1,Aerobe,1,1,1964,389195,226,1,Domesticated,1,0,Enterobacterales,3489,3582,3137,1371220000,1310152403,320635163,4784186580,4692965908,1005832506,10482984994,1
Escherichiacoli,Cephalosporins(2ndgen),Bactericidal,0,Not Rare,2,NtRare,2,,,2,2,Gramnegative,Animal,Vehicleborne,1,Zoonosis,1,Aerobe,1,1,1977,389195,206,1,Domesticated,1,0,Enterobacterales,3489,3582,3137,1371220000,1310152403,320635163,4784186580,4692965908,1005832506,10482984994,1
Escherichiacoli,Cephalosporins(3rdgen),Bactericidal,0,Not Rare,2,NtRare,2,,,2,2,Gramnegative,Animal,Vehicleborne,1,Zoonosis,1,Aerobe,1,1,1982,389195,1692,1,Domesticated,1,0,Enterobacterales,3489,3582,3137,1371220000,1310152403,320635163,4784186580,4692965908,1005832506,10482984994,1
Escherichiacoli,Cephalosporins(4thgen),Bactericidal,0,Not Rare,2,NtRare,2,,,2,2,Gramnegative,Animal,Vehicleborne,1,Zoonosis,1,Aerobe,1,1,1994,389195,194,1,Domesticated,1,0,Enterobacterales,3489,3582,3137,1371220000,1310152403,320635163,4784186580,4692965908,1005832506,10482984994,1
Escherichiacoli,Cephalosporins(5thgen),Bactericidal,0,Not Rare,2,NtRare,2,,,2,2,Gramnegative,Animal,Vehicleborne,1,Zoonosis,1,Aerobe,1,1,2008,389195,18,1,Domesticated,1,0,Enterobacterales,3489,3582,3137,1371220000,1310152403,320635163,4784186580,4692965908,1005832506,10482984994,1
Escherichiacoli,Fluoroquinolones,Bactericidal,0,Not Rare,2,NtRare,2,,,2,2,Gramnegative,Animal,Vehicleborne,1,Zoonosis,1,Aerobe,1,1,1996,389195,20426,1,Domesticated,1,0,Enterobacterales,1387,1303,1430,1371220000,1310152403,320635163,1901882140,1707128581,458508283.1,4067519004,1
Francisellatularensis,Aminoglycosides,Bactericidal,0,None/ Very Rare,0,VeryRare/Nne,0,,,0,0,Gramnegative,Animal,Directcontact,0,Zoonosis,0,Aerobe,0,0,1944,3460,17876,1,Wild,0,0,Thiotrichales,110,157,61,1371220000,1310152403,320635163,150834200,205693927.3,19558744.94,376086872.2,0
Francisellatularensis,Fluoroquinolones,Bactericidal,0,None/ Very Rare,0,VeryRare/Nne,0,,,0,0,Gramnegative,Animal,Directcontact,0,Zoonosis,0,Aerobe,0,0,1996,3460,20426,1,Wild,0,0,Thiotrichales,1387,1303,1430,1371220000,1310152403,320635163,1901882140,1707128581,458508283.1,4067519004,0
Francisellatularensis,Tetracyclines,Bacteriostatic,0,None/ Very Rare,0,VeryRare/Nne,0,,,0,0,Gramnegative,Animal,Directcontact,0,Zoonosis,0,Aerobe,0,0,1950,3460,8390,1,Wild,0,0,Thiotrichales,498,808,2337,1371220000,1310152403,320635163,682867560,1058603142,749324375.9,2490795078,0
Fusobacteriumspp,Cephalosporins(2ndgen),Bactericidal,-1,None/ Very Rare*,0,Rare,1,,0,0.5,0,Anaerobic,Humans,Directcontact,0,EndogeNus,1,Anaerobe,1,0,1977,6995,206,0,None,0,0,Thiotrichales,3489,3582,3137,1371220000,1310152403,320635163,4784186580,4692965908,1005832506,10482984994,1
Fusobacteriumspp,Beta-lactams/Penicillins,Bactericidal,0,Rare,1,Rare,1,,,1,1,Anaerobic,Humans,Directcontact,0,EndogeNus,1,Anaerobe,1,0,1944,6995,67783,0,None,0,0,Thiotrichales,2992,2839,7404,1371220000,1310152403,320635163,4102690240,3719522672,2373982747,10196195659,1
Fusobacteriumspp,Carbapenems,Bactericidal,0,None/ Very Rare,0,VeryRare/Nne,0,,,0,0,Anaerobic,Humans,Directcontact,0,EndogeNus,1,Anaerobe,1,0,1985,6995,9645,0,None,0,0,Thiotrichales,39,15,72,1371220000,1310152403,320635163,53477580,19652286.05,23085731.74,96215597.78,1
Gardnerellavaginalis,Carbapenems,Bactericidal,0,None/ Very Rare,0,UnclearifusedresistanceNtdiscussed,0,,,0,0,Gramnegative,Humans,Directcontact,0,Sexualtransmission,1,FacultativeAnaerobe,1,0,1985,1722,9645,0,None,0,0,Bifidobacteriales,39,15,72,1371220000,1310152403,320635163,53477580,19652286.05,23085731.74,96215597.78,0
Gardnerellavaginalis,Macrolides,Bacteriostatic,0,Not Rare,2,NtRare,2,,,2,2,Gramnegative,Humans,Directcontact,0,Sexualtransmission,1,FacultativeAnaerobe,1,0,1952,1722,17956,0,None,0,0,Bifidobacteriales,1685,928,2281,1371220000,1310152403,320635163,2310505700,1215821430,731368806.8,4257695937,0
Gardnerellavaginalis,Nitroimidazole,Bactericidal,0,Not Rare,2,NtRare,2,,,2,2,Gramnegative,Humans,Directcontact,0,Sexualtransmission,1,FacultativeAnaerobe,1,0,1963,1722,2139,0,None,0,0,Bifidobacteriales,9,28,16,1371220000,1310152403,320635163,12340980,36684267.28,5130162.608,54155409.89,0
GPAC,Beta-lactams/Penicillins,Bactericidal,0,Rare,1,Rare,1,,,1,1,Anaerobic,Humans,Unk0wn,1,EndogeNus,0,Anaerobe,1,0,1944,107,67783,0,None,0,0,Eubacteriales,2992,2839,7404,1371220000,1310152403,320635163,4102690240,3719522672,2373982747,10196195659,0
GPAC,Carbapenems,Bactericidal,0,None/ Very Rare,0,VeryRare/Nne,0,,,0,0,Anaerobic,Humans,Unk0wn,1,EndogeNus,0,Anaerobe,1,0,1985,107,9645,0,None,0,0,Eubacteriales,39,15,72,1371220000,1310152403,320635163,53477580,19652286.05,23085731.74,96215597.78,0
GPAC,Cephalosporins(1stgen),Bactericidal,0,None/ Very Rare,0,VeryRare/Nne,0,,,0,0,Anaerobic,Humans,Unk0wn,1,EndogeNus,0,Anaerobe,1,0,1964,107,226,0,None,0,0,Eubacteriales,3489,3582,3137,1371220000,1310152403,320635163,4784186580,4692965908,1005832506,10482984994,0
GPAC,Cephalosporins(2ndgen),Bactericidal,0,None/ Very Rare,0,VeryRare/Nne,0,,,0,0,Anaerobic,Humans,Unk0wn,1,EndogeNus,0,Anaerobe,1,0,1977,107,206,0,None,0,0,Eubacteriales,3489,3582,3137,1371220000,1310152403,320635163,4784186580,4692965908,1005832506,10482984994,0
GPAC,Cephalosporins(3rdgen),Bactericidal,0,None/ Very Rare,0,VeryRare/Nne,0,,,0,0,Anaerobic,Humans,Unk0wn,1,EndogeNus,0,Anaerobe,1,0,1982,107,1692,0,None,0,0,Eubacteriales,3489,3582,3137,1371220000,1310152403,320635163,4784186580,4692965908,1005832506,10482984994,0
GPAC,Macrolides,Bacteriostatic,0,Not Rare,2,NtRare,2,,,2,2,Anaerobic,Humans,Unk0wn,1,EndogeNus,0,Anaerobe,1,0,1952,107,17956,0,None,0,0,Eubacteriales,1685,928,2281,1371220000,1310152403,320635163,2310505700,1215821430,731368806.8,4257695937,0
GPAC,Nitroimidazole,Bactericidal,0,Rare,1,Rare,1,,,1,1,Anaerobic,Humans,Unk0wn,1,EndogeNus,0,Anaerobe,1,0,1963,107,2139,0,None,0,0,Eubacteriales,9,28,16,1371220000,1310152403,320635163,12340980,36684267.28,5130162.608,54155409.89,0
GPAC,Tetracyclines,Bacteriostatic,0,Not Rare,2,NtRare,2,,,2,2,Anaerobic,Humans,Unk0wn,1,EndogeNus,0,Anaerobe,1,0,1950,107,8390,0,None,0,0,Eubacteriales,498,808,2337,1371220000,1310152403,320635163,682867560,1058603142,749324375.9,2490795078,0
Haemophilusinfluenzae,Cephalosporins(2ndgen),Bactericidal,-1,Rare,1,NtRare,2,,2,1.5,2,Gramnegative,Humans,Dropletspread,0,Respiratorydroplets,1,Aerobe,1,1,1977,21474,206,0,None,0,0,Pasteurellales,3489,3582,3137,1371220000,1310152403,320635163,4784186580,4692965908,1005832506,10482984994,1
Haemophilusinfluenzae,Cephalosporins(3rdgen),Bactericidal,-1,None/ Very Rare,0,Rare,1,,1,0.5,1,Gramnegative,Humans,Dropletspread,0,Respiratorydroplets,1,Aerobe,1,1,1982,21474,1692,0,None,0,0,Pasteurellales,3489,3582,3137,1371220000,1310152403,320635163,4784186580,4692965908,1005832506,10482984994,1
Haemophilusinfluenzae,Macrolides,Bacteriostatic,-1,Rare,1,NtRare,2,,1,1.5,1,Gramnegative,Humans,Dropletspread,0,Respiratorydroplets,1,Aerobe,1,1,1952,21474,17956,0,None,0,0,Pasteurellales,1685,928,2281,1371220000,1310152403,320635163,2310505700,1215821430,731368806.8,4257695937,1
Haemophilusinfluenzae,Beta-lactams/Penicillins,Bactericidal,0,Not Rare,2,NtRare,2,,,2,2,Gramnegative,Humans,Dropletspread,0,Respiratorydroplets,1,Aerobe,1,1,1944,21474,67783,0,None,0,0,Pasteurellales,2992,2839,7404,1371220000,1310152403,320635163,4102690240,3719522672,2373982747,10196195659,1
Haemophilusinfluenzae,Carbapenems,Bactericidal,0,Very Rare / None,0,VeryRare/Nne,0,,,0,0,Gramnegative,Humans,Dropletspread,0,Respiratorydroplets,1,Aerobe,1,1,1985,21474,9645,0,None,0,0,Pasteurellales,39,15,72,1371220000,1310152403,320635163,53477580,19652286.05,23085731.74,96215597.78,1
Haemophilusinfluenzae,Cephalosporins(5thgen),Bactericidal,0,Very Rare/ None,0,VeryRare/Nne,0,,,0,0,Gramnegative,Humans,Dropletspread,0,Respiratorydroplets,1,Aerobe,1,1,2008,21474,18,0,None,0,0,Pasteurellales,3489,3582,3137,1371220000,1310152403,320635163,4784186580,4692965908,1005832506,10482984994,1
Haemophilusinfluenzae,Fluoroquinolones,Bactericidal,0,Rare,1,Rare,1,,,1,1,Gramnegative,Humans,Dropletspread,0,Respiratorydroplets,1,Aerobe,1,1,1996,21474,20426,0,None,0,0,Pasteurellales,1387,1303,1430,1371220000,1310152403,320635163,1901882140,1707128581,458508283.1,4067519004,1
Haemophilusinfluenzae,Trimethoprim-sulfamethoxazole,Bactericidal,0,Not Rare,2,NtRare,2,,,2,2,Gramnegative,Humans,Dropletspread,0,Respiratorydroplets,1,Aerobe,1,1,1974,21474,12670,0,None,0,0,Pasteurellales,89,683,1607,1371220000,1310152403,320635163,122038580,894834091.2,515260706.9,1532133378,1
Klebsiellaoxytoca,Cephalosporins(5thgen),Bactericidal,-1,Rare,1,NtRare,2,,1,1.5,1,Gramnegative,Humans,Directcontact,0,Nosocomial,1,FacultativeAnaerobe,1,0,2008,1789,18,0,None,1,0,Enterobacterales,3489,3582,3137,1371220000,1310152403,320635163,4784186580,4692965908,1005832506,10482984994,1
Klebsiellapneumoniae,Cephalosporins(1stgen),Bactericidal,-2,Very Rare / None,0,NtRare,2,2,2,1.333333333,2,Gramnegative,Humans,Directcontact,0,Nosocomial,1,FacultativeAnaerobe,1,0,1964,24889,226,0,None,1,0,Enterobacterales,3489,3582,3137,1371220000,1310152403,320635163,4784186580,4692965908,1005832506,10482984994,1
Klebsiellapneumoniae,Cephalosporins(5thgen),Bactericidal,-2,None/ Very Rare,0,NtRare,2,2,2,1.333333333,2,Gramnegative,Humans,Directcontact,0,Nosocomial,1,FacultativeAnaerobe,1,0,2008,24889,18,0,None,1,0,Enterobacterales,3489,3582,3137,1371220000,1310152403,320635163,4784186580,4692965908,1005832506,10482984994,1
Klebsiellapneumoniae,Cephalosporins(2ndgen),Bactericidal,-1,Rare,1,NtRare,2,,2,1.5,2,Gramnegative,Humans,Directcontact,0,Nosocomial,1,FacultativeAnaerobe,1,0,1977,24889,206,0,None,1,0,Enterobacterales,3489,3582,3137,1371220000,1310152403,320635163,4784186580,4692965908,1005832506,10482984994,1
Klebsiellapneumoniae,Carbapenems,Bactericidal,0,Not Rare,2,NtRare,2,,,2,2,Gramnegative,Humans,Directcontact,0,Nosocomial,1,FacultativeAnaerobe,1,0,1985,24889,9645,0,None,1,0,Enterobacterales,39,15,72,1371220000,1310152403,320635163,53477580,19652286.05,23085731.74,96215597.78,1
Klebsiellapneumoniae,Cephalosporins(3rdgen),Bactericidal,0,Not Rare,2,NtRare,2,,,2,2,Gramnegative,Humans,Directcontact,0,Nosocomial,1,FacultativeAnaerobe,1,0,1982,24889,1692,0,None,1,0,Enterobacterales,3489,3582,3137,1371220000,1310152403,320635163,4784186580,4692965908,1005832506,10482984994,1
Klebsiellapneumoniae,Cephalosporins(4thgen),Bactericidal,0,Not Rare,2,NtRare,2,,,2,2,Gramnegative,Humans,Directcontact,0,Nosocomial,1,FacultativeAnaerobe,1,0,1994,24889,194,0,None,1,0,Enterobacterales,3489,3582,3137,1371220000,1310152403,320635163,4784186580,4692965908,1005832506,10482984994,1
Klebsiellapneumoniae,Fluoroquinolones,Bactericidal,0,Not Rare,2,NtRare,2,,,2,2,Gramnegative,Humans,Directcontact,0,Nosocomial,1,FacultativeAnaerobe,1,0,1996,24889,20426,0,None,1,0,Enterobacterales,1387,1303,1430,1371220000,1310152403,320635163,1901882140,1707128581,458508283.1,4067519004,1
Klebsiellaspp,Aminoglycosides,Bactericidal,0,Not Rare,2,NtRare,2,,,2,2,Gramnegative,Humans,Directcontact,0,Nosocomial,1,FacultativeAnaerobe,1,0,1944,2420,17876,0,None,1,0,Enterobacterales,110,157,61,1371220000,1310152403,320635163,150834200,205693927.3,19558744.94,376086872.2,1
Legionellapneumophila,Fluoroquinolones,Bactericidal,-1,Rare,1,NtRare,2,,1,1.5,1,Gramnegative,Environment,Airborne,1,Environment,1,Aerobe,0,1,1996,6290,20426,0,None,1,1,Legionellales,1387,1303,1430,1371220000,1310152403,320635163,1901882140,1707128581,458508283.1,4067519004,1
Legionellapneumophila,Macrolides,Bacteriostatic,-1,Rare,1,NtRare,2,,1,1.5,1,Gramnegative,Environment,Airborne,1,Environment,1,Aerobe,0,1,1952,6290,17956,0,None,1,1,Legionellales,1685,928,2281,1371220000,1310152403,320635163,2310505700,1215821430,731368806.8,4257695937,1
Leptospirainterrogans,Beta-lactams/Penicillins,Bactericidal,0,Very Rare / None,0,VeryRare/Nne,0,,,0,0,Other,Animal,Directcontact,0,Zoonosis,1,Aerobe,0,0,1944,2887,67783,1,Wild,0,0,Spirochaetales,2992,2839,7404,1371220000,1310152403,320635163,4102690240,3719522672,2373982747,10196195659,1
Leptospirainterrogans,Cephalosporins(3rdgen),Bactericidal,0,None/ Very Rare,0,VeryRare/Nne,0,,,0,0,Other,Animal,Directcontact,0,Zoonosis,1,Aerobe,0,0,1982,2887,1692,1,Wild,0,0,Spirochaetales,3489,3582,3137,1371220000,1310152403,320635163,4784186580,4692965908,1005832506,10482984994,1
Leptospirainterrogans,Tetracyclines,Bacteriostatic,0,None/ Very Rare,0,VeryRare/Nne,0,,,0,0,Other,Animal,Directcontact,0,Zoonosis,1,Aerobe,0,0,1950,2887,8390,1,Wild,0,0,Spirochaetales,498,808,2337,1371220000,1310152403,320635163,682867560,1058603142,749324375.9,2490795078,1
Listeriamonocytogenes,Carbapenems,Bactericidal,0,None/ Very Rare,0,VeryRare/Nne,0,,,0,0,GramPositive,Environment,Vehicleborne,1,Contaminatedfoodandwater,1,FacultativeAnaerobe,0,0,1985,20034,9645,0,None,0,1,Spirochaetales,39,15,72,1371220000,1310152403,320635163,53477580,19652286.05,23085731.74,96215597.78,1
Moraxellacatarrhalis,Macrolides,Bacteriostatic,-2,Very Rare/ None,0,NtRare,2,0,1,0.666666667,1,Gramnegative,Humans,Directcontact,0,Nosocomial,1,Aerobe,1,1,1952,3363,17956,0,None,1,0,Pseudomonadales,1685,928,2281,1371220000,1310152403,320635163,2310505700,1215821430,731368806.8,4257695937,1
Moraxellacatarrhalis,Cephalosporins(2ndgen),Bactericidal,-1,None/ Very Rare,0,Rare,1,,1,0.5,1,Gramnegative,Humans,Directcontact,0,Nosocomial,1,Aerobe,1,1,1977,3363,206,0,None,1,0,Pseudomonadales,3489,3582,3137,1371220000,1310152403,320635163,4784186580,4692965908,1005832506,10482984994,1
Moraxellacatarrhalis,Fluoroquinolones,Bactericidal,-1,Rare,1,NtRare,2,,1,1.5,1,Gramnegative,Humans,Directcontact,0,Nosocomial,1,Aerobe,1,1,1996,3363,20426,0,None,1,0,Pseudomonadales,1387,1303,1430,1371220000,1310152403,320635163,1901882140,1707128581,458508283.1,4067519004,1
Moraxellacatarrhalis,Beta-lactams/Penicillins,Bactericidal,0,Not Rare,2,NtRare,2,,,2,2,Gramnegative,Humans,Directcontact,0,Nosocomial,1,Aerobe,1,1,1944,3363,67783,0,None,1,0,Pseudomonadales,2992,2839,7404,1371220000,1310152403,320635163,4102690240,3719522672,2373982747,10196195659,1
Moraxellacatarrhalis,Tetracyclines,Bacteriostatic,0,Rare,1,Rare,1,,,1,1,Gramnegative,Humans,Directcontact,0,Nosocomial,1,Aerobe,1,1,1950,3363,8390,0,None,1,0,Pseudomonadales,498,808,2337,1371220000,1310152403,320635163,682867560,1058603142,749324375.9,2490795078,1
Mycoplasmapneumoniae,Macrolides,Bacteriostatic,0,Not Rare,2,NtRare,2,,,2,2,Other,Humans,Dropletspread,0,Respiratorydroplets,1,Aerobe,0,0,1952,6467,17956,0,None,0,0,Mycoplasmatales,1685,928,2281,1371220000,1310152403,320635163,2310505700,1215821430,731368806.8,4257695937,0
Mycoplasmapneumoniae,Tetracyclines,Bacteriostatic,0,Very Rare/ None,0,VeryRare/Nne,0,,,0,0,Other,Humans,Dropletspread,0,Respiratorydroplets,1,Aerobe,0,0,1950,6467,8390,0,None,0,0,Mycoplasmatales,498,808,2337,1371220000,1310152403,320635163,682867560,1058603142,749324375.9,2490795078,0
Neisseriagonorrhoeae,Cephalosporins(2ndgen),Bactericidal,-2,Very Rare/ None,0,UnclearifusedlittledataNtRare,classified as  0,1,0,1,0,Gramnegative,Humans,Directcontact,0,Sexualtransmission,1,Aerobe,0,1,1977,13194,206,0,None,0,0,Neisseriales,3489,3582,3137,1371220000,1310152403,320635163,4784186580,4692965908,1005832506,10482984994,1
Neisseriagonorrhoeae,Cephalosporins(3rdgen),Bactericidal,-2,Very Rare/ None,0,NtRare,2,1,1,1,1,Gramnegative,Humans,Directcontact,0,Sexualtransmission,1,Aerobe,0,1,1982,13194,1692,0,None,0,0,Neisseriales,3489,3582,3137,1371220000,1310152403,320635163,4784186580,4692965908,1005832506,10482984994,1
Neisseriagonorrhoeae,Carbapenems,Bactericidal,0,Very Rare/ None,0,VeryRare/Nne,0,,,0,0,Gramnegative,Humans,Directcontact,0,Sexualtransmission,1,Aerobe,0,1,1985,13194,9645,0,None,0,0,Neisseriales,39,15,72,1371220000,1310152403,320635163,53477580,19652286.05,23085731.74,96215597.78,1
Neisseriameningitidis,Cephalosporins(3rdgen),Bactericidal,1,Not Rare,2,Rare,1,,1,1.5,1,Gramnegative,Humans,Dropletspread,0,Respiratorydroplets,1,Aerobe,1,1,1982,12022,1692,0,None,0,0,Neisseriales,3489,3582,3137,1371220000,1310152403,320635163,4784186580,4692965908,1005832506,10482984994,1
Neisseriameningitidis,Beta-lactams/Penicillins,Bactericidal,0,Rare,1,Rare,1,,,1,1,Gramnegative,Humans,Dropletspread,0,Respiratorydroplets,1,Aerobe,1,1,1944,12022,67783,0,None,0,0,Neisseriales,2992,2839,7404,1371220000,1310152403,320635163,4102690240,3719522672,2373982747,10196195659,1
Neisseriameningitidis,Carbapenems,Bactericidal,0,Very Rare / None,0,VeryRare/Nne,0,,,0,0,Gramnegative,Humans,Dropletspread,0,Respiratorydroplets,1,Aerobe,1,1,1985,12022,9645,0,None,0,0,Neisseriales,39,15,72,1371220000,1310152403,320635163,53477580,19652286.05,23085731.74,96215597.78,1
Nocardiaspp,Carbapenems,Bactericidal,-1,Rare,1,NtRare,2,,2,1.5,2,Other,Environment,Airborne,1,Environment,0,Aerobe,0,0,1985,7074,9645,0,None,0,1,Actinomycetales,39,15,72,1371220000,1310152403,320635163,53477580,19652286.05,23085731.74,96215597.78,1
Nocardiaspp,Trimethoprim-sulfamethoxazole,Bactericidal,-1,Rare,1,NtRare,2,,1,1.5,1,Other,Environment,Airborne,1,Environment,0,Aerobe,0,0,1974,7074,12670,0,None,0,1,Actinomycetales,89,683,1607,1371220000,1310152403,320635163,122038580,894834091.2,515260706.9,1532133378,1
Non-typhoidalSalmonella,Cephalosporins(3rdgen),Bactericidal,0,Rare,1,Rare,1,,,1,1,Gramnegative,Animal,Vehicleborne,1,Contaminatedfoodandwater,1,FacultativeAnaerobe,0,0,1982,633,1692,1,Domesticated,0,0,Enterobacterales,3489,3582,3137,1371220000,1310152403,320635163,4784186580,4692965908,1005832506,10482984994,1
Non-typhoidalSalmonella,Macrolides,Bacteriostatic,1,Rare,1,VeryRare/Nne,0,,1,0.5,1,Gramnegative,Animal,Vehicleborne,1,Contaminatedfoodandwater,1,FacultativeAnaerobe,0,0,1952,633,17956,1,Domesticated,0,0,Enterobacterales,1685,928,2281,1371220000,1310152403,320635163,2310505700,1215821430,731368806.8,4257695937,1
Propiniobacteriumacnes,Beta-lactams/Penicillins,Bactericidal,0,Very Rare/ None,0,VeryRare/Nne,0,,,0,0,Anaerobic,Humans,Unk0wn,1,EndogeNus,0,Anaerobe,1,0,1944,5164,67783,0,None,1,0,Actinomycetales,2992,2839,7404,1371220000,1310152403,320635163,4102690240,3719522672,2373982747,10196195659,1
Propiniobacteriumacnes,Carbapenems,Bactericidal,0,Very Rare / None,0,VeryRare/Nne,0,,,0,0,Anaerobic,Humans,Unk0wn,1,EndogeNus,0,Anaerobe,1,0,1985,5164,9645,0,None,1,0,Actinomycetales,39,15,72,1371220000,1310152403,320635163,53477580,19652286.05,23085731.74,96215597.78,1
Propiniobacteriumacnes,Cephalosporins(1stgen),Bactericidal,0,Very Rare / None,0,VeryRare/Nne,0,,,0,0,Anaerobic,Humans,Unk0wn,1,EndogeNus,0,Anaerobe,1,0,1964,5164,226,0,None,1,0,Actinomycetales,3489,3582,3137,1371220000,1310152403,320635163,4784186580,4692965908,1005832506,10482984994,1
Propiniobacteriumacnes,Cephalosporins(2ndgen),Bactericidal,0,Very Rare / None,0,VeryRare/Nne,0,,,0,0,Anaerobic,Humans,Unk0wn,1,EndogeNus,0,Anaerobe,1,0,1977,5164,206,0,None,1,0,Actinomycetales,3489,3582,3137,1371220000,1310152403,320635163,4784186580,4692965908,1005832506,10482984994,1
Propiniobacteriumacnes,Cephalosporins(3rdgen),Bactericidal,0,Very Rare / None,0,VeryRare/Nne,0,,,0,0,Anaerobic,Humans,Unk0wn,1,EndogeNus,0,Anaerobe,1,0,1982,5164,1692,0,None,1,0,Actinomycetales,3489,3582,3137,1371220000,1310152403,320635163,4784186580,4692965908,1005832506,10482984994,1
Propiniobacteriumacnes,Macrolides,Bacteriostatic,0,Not Rare,2,NtRare,2,,,2,2,Anaerobic,Humans,Unk0wn,1,EndogeNus,0,Anaerobe,1,0,1952,5164,17956,0,None,1,0,Actinomycetales,1685,928,2281,1371220000,1310152403,320635163,2310505700,1215821430,731368806.8,4257695937,1
Propiniobacteriumacnes,Nitroimidazole,Bactericidal,0,Not Rare,2,NtRare,2,,,2,2,Anaerobic,Humans,Unk0wn,1,EndogeNus,0,Anaerobe,1,0,1963,5164,2139,0,None,1,0,Actinomycetales,9,28,16,1371220000,1310152403,320635163,12340980,36684267.28,5130162.608,54155409.89,1
Propiniobacteriumacnes,Tetracyclines,Bacteriostatic,0,Not Rare,2,NtRare,2,,,2,2,Anaerobic,Humans,Unk0wn,1,EndogeNus,0,Anaerobe,1,0,1950,5164,8390,0,None,1,0,Actinomycetales,498,808,2337,1371220000,1310152403,320635163,682867560,1058603142,749324375.9,2490795078,1
Propiniobacteriumacnes,Trimethoprim-sulfamethoxazole,Bactericidal,0,Not Rare,2,NtRare,2,,,2,2,Anaerobic,Humans,Unk0wn,1,EndogeNus,0,Anaerobe,1,0,1974,5164,12670,0,None,1,0,Actinomycetales,89,683,1607,1371220000,1310152403,320635163,122038580,894834091.2,515260706.9,1532133378,1
Proteusmirabilis,Fluoroquinolones,Bactericidal,0,Not Rare,2,NtRare,2,,,2,2,Gramnegative,Humans,Directcontact,0,EndogeNus,1,FacultativeAnaerobe,1,0,1996,6548,20426,0,None,1,0,Enterobacterales,1387,1303,1430,1371220000,1310152403,320635163,1901882140,1707128581,458508283.1,4067519004,1
Proteusmirabilis,Cephalosporins(1stgen),Bactericidal,1,Not Rare,2,Rare,1,,2,1.5,2,Gramnegative,Humans,Directcontact,0,EndogeNus,1,FacultativeAnaerobe,1,0,1964,6548,226,0,None,1,0,Enterobacterales,3489,3582,3137,1371220000,1310152403,320635163,4784186580,4692965908,1005832506,10482984994,1
Proteusmirabilis,Cephalosporins(2ndgen),Bactericidal,1,Not Rare,2,Rare,1,,2,1.5,2,Gramnegative,Humans,Directcontact,0,EndogeNus,1,FacultativeAnaerobe,1,0,1977,6548,206,0,None,1,0,Enterobacterales,3489,3582,3137,1371220000,1310152403,320635163,4784186580,4692965908,1005832506,10482984994,1
Proteusmirabilis,Cephalosporins(3rdgen),Bactericidal,1,Not Rare,2,Rare,1,,1,1.5,1,Gramnegative,Humans,Directcontact,0,EndogeNus,1,FacultativeAnaerobe,1,0,1982,6548,1692,0,None,1,0,Enterobacterales,3489,3582,3137,1371220000,1310152403,320635163,4784186580,4692965908,1005832506,10482984994,1
Proteusmirabilis,Cephalosporins(4thgen),Bactericidal,1,Rare,1,VeryRare/Nne,0,,1,0.5,1,Gramnegative,Humans,Directcontact,0,EndogeNus,1,FacultativeAnaerobe,1,0,1994,6548,194,0,None,1,0,Enterobacterales,3489,3582,3137,1371220000,1310152403,320635163,4784186580,4692965908,1005832506,10482984994,1
Proteusspp,Carbapenems,Bactericidal,0,Rare,1,Rare,1,,,1,1,Gramnegative,Humans,Directcontact,0,EndogeNus,1,FacultativeAnaerobe,1,0,1985,869,9645,0,None,1,0,Enterobacterales,39,15,72,1371220000,1310152403,320635163,53477580,19652286.05,23085731.74,96215597.78,1
Providenciaspp,Carbapenems,Bactericidal,-1,Very Rare / None,0,Rare,1,,0,0.5,0,Gramnegative,Environment,Directcontact,0,Nosocomial,1,FacultativeAnaerobe,1,0,1985,2606,9645,0,None,1,1,Enterobacterales,39,15,72,1371220000,1310152403,320635163,53477580,19652286.05,23085731.74,96215597.78,1
Pseudomonasaeruginosa,Aminoglycosides,Bactericidal,0,Not Rare,2,NtRare,2,,,2,2,Gramnegative,Environment,Vehicleborne,1,Nosocomial,1,Aerobe,1,1,1944,67906,17876,0,None,1,1,Pseudomonadales,110,157,61,1371220000,1310152403,320635163,150834200,205693927.3,19558744.94,376086872.2,1
Pseudomonasaeruginosa,Carbapenems,Bactericidal,0,Not Rare,2,NtRare,2,,,2,2,Gramnegative,Environment,Vehicleborne,1,Nosocomial,1,Aerobe,1,1,1985,67906,9645,0,None,1,1,Pseudomonadales,39,15,72,1371220000,1310152403,320635163,53477580,19652286.05,23085731.74,96215597.78,1
Pseudomonasaeruginosa,Cephalosporins(3rdgen),Bactericidal,0,Not Rare,2,NtRare,2,,,2,2,Gramnegative,Environment,Vehicleborne,1,Nosocomial,1,Aerobe,1,1,1982,67906,1692,0,None,1,1,Pseudomonadales,3489,3582,3137,1371220000,1310152403,320635163,4784186580,4692965908,1005832506,10482984994,1
Pseudomonasaeruginosa,Cephalosporins(4thgen),Bactericidal,1,Not Rare,2,Rare,1,,2,1.5,2,Gramnegative,Environment,Vehicleborne,1,Nosocomial,1,Aerobe,1,1,1994,67906,194,0,None,1,1,Pseudomonadales,3489,3582,3137,1371220000,1310152403,320635163,4784186580,4692965908,1005832506,10482984994,1
Rickettsiarickettsii,Tetracyclines,Bacteriostatic,0,Very Rare / None,0,VeryRare/Nne,0,,,0,0,Other,Animal,Vectorborne,1,Zoonosis,0,Aerobe,0,0,1950,958,8390,1,Wild,0,0,Rickettsiales,498,808,2337,1371220000,1310152403,320635163,682867560,1058603142,749324375.9,2490795078,0
Salmonellatyphi,Carbapenems,Bactericidal,0,Very Rare / None,0,VeryRare/Nne,0,,,0,0,Gramnegative,Humans,Vehicleborne,1,Contaminatedfoodandwater,1,FacultativeAnaerobe,0,0,1985,9184,9645,0,None,0,0,Enterobacterales,39,15,72,1371220000,1310152403,320635163,53477580,19652286.05,23085731.74,96215597.78,1
Salmonellatyphi,Cephalosporins(3rdgen),Bactericidal,0,Rare,1,Rare,1,,,1,1,Gramnegative,Humans,Vehicleborne,1,Contaminatedfoodandwater,1,FacultativeAnaerobe,0,0,1982,9184,1692,0,None,0,0,Enterobacterales,3489,3582,3137,1371220000,1310152403,320635163,4784186580,4692965908,1005832506,10482984994,1
Salmonellatyphi,Fluoroquinolones,Bactericidal,0,Not Rare,2,NtRare,2,,,2,2,Gramnegative,Humans,Vehicleborne,1,Contaminatedfoodandwater,1,FacultativeAnaerobe,0,0,1996,9184,20426,0,None,0,0,Enterobacterales,1387,1303,1430,1371220000,1310152403,320635163,1901882140,1707128581,458508283.1,4067519004,1
Salmonellatyphi,Macrolides,Bacteriostatic,0,Rare,1,Rare,1,,,1,1,Gramnegative,Humans,Vehicleborne,1,Contaminatedfoodandwater,1,FacultativeAnaerobe,0,0,1952,9184,17956,0,None,0,0,Enterobacterales,1685,928,2281,1371220000,1310152403,320635163,2310505700,1215821430,731368806.8,4257695937,1
Serratiamarcescens,Cephalosporins(3rdgen),Bactericidal,0,Not Rare,2,NtRare,2,,,2,2,Gramnegative,Environment,Directcontact,0,Nosocomial,1,Aerobe,0,0,1982,7798,1692,0,None,1,1,Enterobacterales,3489,3582,3137,1371220000,1310152403,320635163,4784186580,4692965908,1005832506,10482984994,1
Serratiamarcescens,Fluoroquinolones,Bactericidal,-1,Rare,1,NtRare,2,,1,1.5,1,Gramnegative,Environment,Directcontact,0,Nosocomial,1,Aerobe,0,0,1996,7798,20426,0,None,1,1,Enterobacterales,1387,1303,1430,1371220000,1310152403,320635163,1901882140,1707128581,458508283.1,4067519004,1
Serratiamarcescens,Carbapenems,Bactericidal,1,Not Rare,2,Rare,1,,1,1.5,1,Gramnegative,Environment,Directcontact,0,Nosocomial,1,Aerobe,0,0,1985,7798,9645,0,None,1,1,Enterobacterales,39,15,72,1371220000,1310152403,320635163,53477580,19652286.05,23085731.74,96215597.78,1
Shigellaspecies,Fluoroquinolones,Bactericidal,-1,Rare,1,NtRare,2,,2,1.5,2,Gramnegative,Humans,Vehicleborne,1,Fecal-Oral,1,FacultativeAnaerobe,0,0,1996,17595,20426,0,None,0,0,Enterobacterales,1387,1303,1430,1371220000,1310152403,320635163,1901882140,1707128581,458508283.1,4067519004,1
Shigellaspecies,Macrolides,Bacteriostatic,1,Not Rare,2,Rare,1,,2,1.5,2,Gramnegative,Humans,Vehicleborne,1,Fecal-Oral,1,FacultativeAnaerobe,0,0,1952,17595,17956,0,None,0,0,Enterobacterales,1685,928,2281,1371220000,1310152403,320635163,2310505700,1215821430,731368806.8,4257695937,1
Staphylococcusaureus,Cephalosporins(1stgen),Bactericidal,0,Not Rare,2,NtRare,2,,,2,2,GramPositive,Humans,Directcontact,0,Persontopersoncontact,1,FacultativeAnaerobe,1,1,1964,123456,226,0,None,1,0,Bacillales,3489,3582,3137,1371220000,1310152403,320635163,4784186580,4692965908,1005832506,10482984994,1
Staphylococcusaureus,Macrolides,Bacteriostatic,0,Not Rare,2,NtRare,2,,,2,2,GramPositive,Humans,Directcontact,0,Persontopersoncontact,1,FacultativeAnaerobe,1,1,1952,123456,17956,0,None,1,0,Bacillales,1685,928,2281,1371220000,1310152403,320635163,2310505700,1215821430,731368806.8,4257695937,1
Staphylococcusaureus,Cephalosporins(2ndgen),Bactericidal,-2,Very Rare / None,0,NtRare,2,2,2,1.333333333,2,GramPositive,Humans,Directcontact,0,Persontopersoncontact,1,FacultativeAnaerobe,1,1,1977,123456,206,0,None,1,0,Bacillales,3489,3582,3137,1371220000,1310152403,320635163,4784186580,4692965908,1005832506,10482984994,1
Staphylococcusaureus,Cephalosporins(4thgen),Bactericidal,-1,Very Rare / None,0,Rare,1,,2,0.5,2,GramPositive,Humans,Directcontact,0,Persontopersoncontact,1,FacultativeAnaerobe,1,1,1994,123456,194,0,None,1,0,Bacillales,3489,3582,3137,1371220000,1310152403,320635163,4784186580,4692965908,1005832506,10482984994,1
Staphylococcusaureus,Cephalosporins(5thgen),Bactericidal,-1,Very Rare / None,0,Rare,1,,1,0.5,1,GramPositive,Humans,Directcontact,0,Persontopersoncontact,1,FacultativeAnaerobe,1,1,2008,123456,18,0,None,1,0,Bacillales,3489,3582,3137,1371220000,1310152403,320635163,4784186580,4692965908,1005832506,10482984994,1
Staphylococcusaureus,Carbapenems,Bactericidal,1,Not Rare,2,Rare,1,,2,1.5,2,GramPositive,Humans,Directcontact,0,Persontopersoncontact,1,FacultativeAnaerobe,1,1,1985,123456,9645,0,None,1,0,Bacillales,39,15,72,1371220000,1310152403,320635163,53477580,19652286.05,23085731.74,96215597.78,1
Staphylococcusepidermidis,Cephalosporins(1stgen),Bactericidal,0,Not Rare,2,NtRare,2,,,2,2,GramPositive,Humans,Vehicleborne,1,Nosocomial,1,FacultativeAnaerobe,1,0,1964,12917,226,0,None,1,0,Bacillales,3489,3582,3137,1371220000,1310152403,320635163,4784186580,4692965908,1005832506,10482984994,1
Streptococcusagalactiae,Aminoglycosides,Bactericidal,0,Very Rare / None,0,VeryRare/Nne,0,,,0,0,GramPositive,Humans,Directcontact,0,Verticaltransmission,1,FacultativeAnaerobe,1,0,1944,9413,17876,0,None,1,0,Bacillales,110,157,61,1371220000,1310152403,320635163,150834200,205693927.3,19558744.94,376086872.2,1
Streptococcusagalactiae,Cephalosporins(5thgen),Bactericidal,0,Very Rare / None,0,VeryRare/Nne,0,,,0,0,GramPositive,Humans,Directcontact,0,Verticaltransmission,1,FacultativeAnaerobe,1,0,2008,9413,18,0,None,1,0,Lactobacillales,3489,3582,3137,1371220000,1310152403,320635163,4784186580,4692965908,1005832506,10482984994,1
Streptococcuspneumoniae,Beta-lactams/Penicillins,Bactericidal,0,Not Rare,2,NtRare,2,,,2,2,GramPositive,Humans,Dropletspread,0,Respiratorydroplets,1,FacultativeAnaerobe,1,1,1944,33606,67783,0,None,1,0,Lactobacillales,2992,2839,7404,1371220000,1310152403,320635163,4102690240,3719522672,2373982747,10196195659,1
Streptococcuspneumoniae,Carbapenems,Bactericidal,0,Not Rare,2,NtRare,2,,,2,2,GramPositive,Humans,Dropletspread,0,Respiratorydroplets,1,FacultativeAnaerobe,1,1,1985,33606,9645,0,None,1,0,Lactobacillales,39,15,72,1371220000,1310152403,320635163,53477580,19652286.05,23085731.74,96215597.78,1
Streptococcuspneumoniae,Cephalosporins(2ndgen),Bactericidal,0,Not Rare,2,NtRare,2,,,2,2,GramPositive,Humans,Dropletspread,0,Respiratorydroplets,1,FacultativeAnaerobe,1,1,1977,33606,206,0,None,1,0,Lactobacillales,3489,3582,3137,1371220000,1310152403,320635163,4784186580,4692965908,1005832506,10482984994,1
Streptococcuspneumoniae,Macrolides,Bacteriostatic,0,Not Rare,2,NtRare,2,,,2,2,GramPositive,Humans,Dropletspread,0,Respiratorydroplets,1,FacultativeAnaerobe,1,1,1952,33606,17956,0,None,1,0,Lactobacillales,1685,928,2281,1371220000,1310152403,320635163,2310505700,1215821430,731368806.8,4257695937,1
Streptococcuspneumoniae,Cephalosporins(3rdgen),Bactericidal,-1,Rare,1,NtRare,2,,1,1.5,1,GramPositive,Humans,Dropletspread,0,Respiratorydroplets,1,FacultativeAnaerobe,1,1,1982,33606,1692,0,None,1,0,Lactobacillales,3489,3582,3137,1371220000,1310152403,320635163,4784186580,4692965908,1005832506,10482984994,1
Streptococcuspneumoniae,Cephalosporins(4thgen),Bactericidal,-1,Rare,1,,,,1,1.5,1,GramPositive,Humans,Dropletspread,0,Respiratorydroplets,1,FacultativeAnaerobe,1,1,1994,33606,194,0,None,1,0,Lactobacillales,3489,3582,3137,1371220000,1310152403,320635163,4784186580,4692965908,1005832506,10482984994,1
Streptococcuspyogenes,Beta-lactams/Penicillins,Bactericidal,0,Very Rare / None,0,VeryRare/Nne,0,,,0,0,GramPositive,Humans,Dropletspread,0,Respiratorydroplets,1,FacultativeAnaerobe,1,0,1944,16859,67783,0,None,1,0,Lactobacillales,2992,2839,7404,1371220000,1310152403,320635163,4102690240,3719522672,2373982747,10196195659,1
Streptococcuspyogenes,Cephalosporins(1stgen),Bactericidal,0,Very Rare / None,0,VeryRare/Nne,0,,,0,0,GramPositive,Humans,Dropletspread,0,Respiratorydroplets,1,FacultativeAnaerobe,1,0,1964,16859,226,0,None,1,0,Lactobacillales,3489,3582,3137,1371220000,1310152403,320635163,4784186580,4692965908,1005832506,10482984994,1
Streptococcuspyogenes,Cephalosporins(2ndgen),Bactericidal,0,Very Rare / None,0,VeryRare/Nne,0,,,0,0,GramPositive,Humans,Dropletspread,0,Respiratorydroplets,1,FacultativeAnaerobe,1,0,1977,16859,206,0,None,1,0,Lactobacillales,3489,3582,3137,1371220000,1310152403,320635163,4784186580,4692965908,1005832506,10482984994,1
Streptococcuspyogenes,Cephalosporins(3rdgen),Bactericidal,0,Very Rare / None,0,VeryRare/Nne,0,,,0,0,GramPositive,Humans,Dropletspread,0,Respiratorydroplets,1,FacultativeAnaerobe,1,0,1982,16859,1692,0,None,1,0,Lactobacillales,3489,3582,3137,1371220000,1310152403,320635163,4784186580,4692965908,1005832506,10482984994,1
Streptococcuspyogenes,Cephalosporins(4thgen),Bactericidal,0,Very Rare / None,0,VeryRare/Nne,0,,,0,0,GramPositive,Humans,Dropletspread,0,Respiratorydroplets,1,FacultativeAnaerobe,1,0,1994,16859,194,0,None,1,0,Lactobacillales,3489,3582,3137,1371220000,1310152403,320635163,4784186580,4692965908,1005832506,10482984994,1
Streptococcuspyogenes,Cephalosporins(5thgen),Bactericidal,0,Very Rare / None,0,VeryRare/Nne,0,,,0,0,GramPositive,Humans,Dropletspread,0,Respiratorydroplets,1,FacultativeAnaerobe,1,0,2008,16859,18,0,None,1,0,Lactobacillales,3489,3582,3137,1371220000,1310152403,320635163,4784186580,4692965908,1005832506,10482984994,1
Streptococcuspyogenes,Macrolides,Bacteriostatic,0,Not Rare,2,NtRare,2,,,2,2,GramPositive,Humans,Dropletspread,0,Respiratorydroplets,1,FacultativeAnaerobe,1,0,1952,16859,17956,0,None,1,0,Lactobacillales,1685,928,2281,1371220000,1310152403,320635163,2310505700,1215821430,731368806.8,4257695937,1
Streptococcusviridans,Cephalosporins(4thgen),Bactericidal,0,Rare,1,Rare,1,,,1,1,GramPositive,Humans,Unk0wn,1,EndogeNus,0,FacultativeAnaerobe,1,0,1994,952,194,0,None,1,0,Lactobacillales,3489,3582,3137,1371220000,1310152403,320635163,4784186580,4692965908,1005832506,10482984994,1
Streptococcusviridans,Beta-lactams/Penicillins,Bactericidal,-2,Very Rare / None,0,NtRare,2,1,1,1,1,GramPositive,Humans,Unk0wn,1,EndogeNus,0,FacultativeAnaerobe,1,0,1944,952,67783,0,None,1,0,Lactobacillales,2992,2839,7404,1371220000,1310152403,320635163,4102690240,3719522672,2373982747,10196195659,1
Treponemapallidum,Beta-lactams/Penicillins,Bactericidal,0,Very Rare / None,0,VeryRare/Nne,0,,,0,0,Other,Humans,Directcontact,0,Sexualtransmission,1,Microaerobe,0,0,1944,5949,67783,0,None,0,0,Spirochaetales,2992,2839,7404,1371220000,1310152403,320635163,4102690240,3719522672,2373982747,10196195659,0
Treponemapallidum,Macrolides,Bacteriostatic,0,Not Rare,2,NtRare,2,,,2,2,Other,Humans,Directcontact,0,Sexualtransmission,1,Microaerobe,0,0,1952,5949,17956,0,None,0,0,Spirochaetales,1685,928,2281,1371220000,1310152403,320635163,2310505700,1215821430,731368806.8,4257695937,0
Treponemapallidumpertenue,Beta-lactams/Penicillins,Bactericidal,0,Very Rare / None,0,VeryRare/Nne,0,,,0,0,Other,Humans,Directcontact,0,Persontopersoncontact,1,Microaerobe,0,0,1944,10,67783,0,None,0,0,Spirochaetales,2992,2839,7404,1371220000,1310152403,320635163,4102690240,3719522672,2373982747,10196195659,0
Ureaplasmaurealyticum,Fluoroquinolones,Bactericidal,0,Not Rare,2,NtRare,2,,,2,2,Other,Humans,Directcontact,0,Sexualtransmission,1,FacultativeAnaerobe,1,0,1996,2257,20426,0,None,0,0,Mycoplasmatales,1387,1303,1430,1371220000,1310152403,320635163,1901882140,1707128581,458508283.1,4067519004,1
Ureaplasmaurealyticum,Macrolides,Bacteriostatic,0,Not Rare,2,NtRare,2,,,2,2,Other,Humans,Directcontact,0,Sexualtransmission,1,FacultativeAnaerobe,1,0,1952,2257,17956,0,None,0,0,Mycoplasmatales,1685,928,2281,1371220000,1310152403,320635163,2310505700,1215821430,731368806.8,4257695937,1
Ureaplasmaurealyticum,Tetracyclines,Bacteriostatic,1,Not Rare,2,Rare,1,,1,1.5,1,Other,Humans,Directcontact,0,Sexualtransmission,1,FacultativeAnaerobe,1,0,1950,2257,8390,0,None,0,0,Mycoplasmatales,498,808,2337,1371220000,1310152403,320635163,682867560,1058603142,749324375.9,2490795078,1
Vibriocholerae,Tetracyclines,Bacteriostatic,0,Not Rare,2,NtRare,2,,,2,2,Gramnegative,Humans,Vehicleborne,1,Contaminatedfoodandwater,1,Aerobe,0,1,1950,2257,8390,0,None,0,0,Vibrionales,498,808,2337,1371220000,1310152403,320635163,682867560,1058603142,749324375.9,2490795078,1
Yersiniapestis,Aminoglycosides,Bactericidal,0,Very Rare / None,0,VeryRare/Nne,0,,,0,0,Gramnegative,Animal,Vectorborne,1,Zoonosis,1,Aerobe,0,0,1944,4941,17876,1,Wild,0,0,Enterobacterales,110,157,61,1371220000,1310152403,320635163,150834200,205693927.3,19558744.94,376086872.2,1
Yersiniapestis,Tetracyclines,Bacteriostatic,0,Very Rare / None,0,VeryRare/Nne,0,,,0,0,Gramnegative,Animal,Vectorborne,1,Zoonosis,1,Aerobe,0,0,1950,4941,8390,1,Wild,0,0,Enterobacterales,498,808,2337,1371220000,1310152403,320635163,682867560,1058603142,749324375.9,2490795078,1